[{"Name":"datr","Value":"siGrY8Oma9IWwiUkL63z0Gfk","Domain":".instagram.com","Path":"\/","Max-Age":1706719668.860749,"Expires":1706719668.860749,"Secure":true,"Discard":false,"HttpOnly":true},{"Name":"ig_did","Value":"8D9BDB72-B328-463E-BCA7-68AB9E8EB366","Domain":".instagram.com","Path":"\/","Max-Age":1703695668.860628,"Expires":1703695668.860628,"Secure":true,"Discard":false,"HttpOnly":true},{"Name":"ig_nrcb","Value":"1","Domain":".instagram.com","Path":"\/","Max-Age":1703695668.109056,"Expires":1703695668.109056,"Secure":true,"Discard":false,"HttpOnly":false},{"Name":"mid","Value":"Y6shswALAAHd2QTDvTeg2sPZDVIB","Domain":".instagram.com","Path":"\/","Max-Age":1706719668.108996,"Expires":1706719668.108996,"Secure":true,"Discard":false,"HttpOnly":false},{"Name":"sessionid","Value":"57005875223%3A8MFayExbdt05HM%3A0%3AAYc9bcX54c0mAR6PyvS1mRHuT5OZDAm9SRWTRSQh8Q","Domain":".instagram.com","Path":"\/","Max-Age":1703695792.884803,"Expires":1703695792.884803,"Secure":true,"Discard":false,"HttpOnly":true},{"Name":"csrftoken","Value":"7AoC2eznoh3l7ARXJgmXhFtyBGHt7wUC","Domain":".instagram.com","Path":"\/","Max-Age":"31449600","Expires":1703619713,"Secure":true,"Discard":false,"HttpOnly":false},{"Name":"rur","Value":"\"VLL\\05457005875223\\0541703706113:01f75de12a0fb5d1b091b8969eaa1432214c04c3e79523512a4b4764dcd02e0f1a4efa4b\"","Domain":".instagram.com","Path":"\/","Max-Age":null,"Expires":null,"Secure":true,"Discard":false,"HttpOnly":true,"SameSite":"Lax"},{"Name":"ds_user_id","Value":"57005875223","Domain":".instagram.com","Path":"\/","Max-Age":"7776000","Expires":1679946113,"Secure":true,"Discard":false,"HttpOnly":false}]